comparison,opponent,mean_a,mean_b,diff,t,df,p_value,p_holm
memory - basic,greedy,0.11318750000000001,0.047625,0.06556250000000001,2.1614352549573006,3.3370003409574713,0.11029248083631417,0.22058496167262834
memory - basic,lowest,0.477,0.5236875000000001,-0.046687500000000104,-3.5979636973794533,5.997928852432281,0.011401067392828885,0.03420320217848666
memory - basic,random,0.530875,0.543125,-0.012249999999999983,-1.0484632019508806,4.58388247341396,0.34652833541612105,0.34652833541612105
memory - basic,media,0.37368749999999995,0.3714791666666667,0.0022083333333332567,0.22141743878247083,4.168153990385724,0.8351945452119532,nan
features - basic,greedy,-0.1573125,0.047625,-0.2049375,-4.897953932000057,5.999851948085137,0.002716679505812354,0.005433359011624708
features - basic,lowest,0.635125,0.5236875000000001,0.11143749999999997,9.093191746196638,5.881459904687155,0.00011125729516199719,0.00033377188548599156
features - basic,random,0.6130625,0.543125,0.06993749999999999,4.177477214918616,3.717184376865896,0.016237725085928262,0.016237725085928262
features - basic,media,0.363625,0.3714791666666667,-0.007854166666666718,-0.4374276985090928,4.850127144710612,0.6805907700286572,nan
features - memory,greedy,-0.1573125,0.11318750000000001,-0.2705,-8.8758746160621,3.3336895770443,0.001970357800732835,0.00394071560146567
features - memory,lowest,0.635125,0.477,0.15812500000000007,13.039389454679462,5.909556681337494,1.4081703588729373e-05,4.224511076618812e-05
features - memory,random,0.6130625,0.530875,0.08218749999999997,4.35498114510916,5.15929087256595,0.006814949112251613,0.006814949112251613
features - memory,media,0.363625,0.37368749999999995,-0.010062499999999974,-0.6283541216775124,3.417614562073547,0.569284842753069,nan
