condition,seed,episode,epsilon,opponent,mean_reward,reward_ci95,win_rate,mean_point_diff,train_outcome_avg,elapsed_s
basic,0,0,0.3,random,0.03,0.07582015098527053,0.5066666666666667,2.013333333333333,nan,0.4
basic,0,0,0.3,lowest,0.19666666666666666,0.07809257824315285,0.5916666666666667,10.663333333333334,nan,0.9
basic,0,0,0.3,greedy,-0.61,0.05848596931287029,0.19,-30.386666666666667,nan,1.4
basic,0,10000,0.265,random,0.5816666666666667,0.06234206342862002,0.7833333333333333,27.39666666666667,0.0881,15.3
basic,0,10000,0.265,lowest,0.515,0.07084206782005438,0.7483333333333333,25.376666666666665,0.0881,15.7
basic,0,10000,0.265,greedy,-0.10333333333333333,0.08337093073823183,0.43333333333333335,-3.993333333333333,0.0881,16.1
basic,0,20000,0.23,random,0.5283333333333333,0.06753880049756268,0.7566666666666667,26.813333333333333,0.2323,30.7
basic,0,20000,0.23,lowest,0.5766666666666667,0.07009886144100475,0.78,27.343333333333334,0.2323,31.2
basic,0,20000,0.23,greedy,-0.06166666666666667,0.08357935865755561,0.46166666666666667,-2.61,0.2323,31.5
basic,0,30000,0.195,random,0.495,0.07116175522646934,0.7383333333333333,24.733333333333334,0.2216,46.4
basic,0,30000,0.195,lowest,0.5516666666666666,0.06970445002314134,0.7666666666666667,26.296666666666667,0.2216,46.8
basic,0,30000,0.195,greedy,-0.041666666666666664,0.08373805621528503,0.4716666666666667,-1.8733333333333333,0.2216,47.3
basic,0,40000,0.16,random,0.52,0.06702027247838468,0.7533333333333333,26.68,0.2517,61.7
basic,0,40000,0.16,lowest,0.5883333333333334,0.06750708742399722,0.7866666666666666,27.623333333333335,0.2517,62.2
basic,0,40000,0.16,greedy,0.043333333333333335,0.08353515129154082,0.51,-0.85,0.2517,62.6
basic,0,50000,0.125,random,0.5266666666666666,0.06810003615138642,0.7583333333333333,25.58,0.2802,80.7
basic,0,50000,0.125,lowest,0.6116666666666667,0.06577187820671622,0.7983333333333333,28.756666666666668,0.2802,81.1
basic,0,50000,0.125,greedy,-0.041666666666666664,0.08322504223577654,0.46,-1.6933333333333334,0.2802,81.5
basic,0,60000,0.09,random,0.535,0.06621749003565498,0.7566666666666667,24.406666666666666,0.3057,96.5
basic,0,60000,0.09,lowest,0.5466666666666666,0.07089167350246893,0.7666666666666667,23.64666666666667,0.3057,96.9
basic,0,60000,0.09,greedy,0.09166666666666666,0.08257929311084862,0.5366666666666666,0.29,0.3057,97.3
basic,0,70000,0.055,random,0.5516666666666666,0.06526200677313322,0.77,25.973333333333333,0.3048,112.2
basic,0,70000,0.055,lowest,0.4666666666666667,0.07423229281230939,0.7233333333333334,21.21,0.3048,112.6
basic,0,70000,0.055,greedy,0.03333333333333333,0.0821731230263302,0.5033333333333333,2.216666666666667,0.3048,112.9
basic,0,80000,0.02,random,0.5016666666666667,0.06761485118727746,0.7433333333333333,24.916666666666668,0.3477,128.0
basic,0,80000,0.02,lowest,0.5733333333333334,0.06749994992910033,0.78,25.293333333333333,0.3477,128.4
basic,0,80000,0.02,greedy,0.08,0.08745331151270008,0.5316666666666666,3.8366666666666664,0.3477,128.8
basic,0,90000,0.02,random,0.5083333333333333,0.06870812734520572,0.7483333333333333,26.563333333333333,0.3462,143.1
basic,0,90000,0.02,lowest,0.5466666666666666,0.06905552954889503,0.7616666666666667,22.523333333333333,0.3462,143.7
basic,0,90000,0.02,greedy,0.08833333333333333,0.08429368516444602,0.5333333333333333,2.526666666666667,0.3462,144.2
basic,0,100000,0.02,random,0.55,0.0660126334991558,0.7666666666666667,26.186666666666667,0.3485,158.2
basic,0,100000,0.02,lowest,0.5483333333333333,0.07155386980387089,0.7616666666666667,24.7,0.3485,158.8
basic,0,100000,0.02,greedy,-0.008333333333333333,0.08550937066310511,0.4866666666666667,-1.2766666666666666,0.3485,159.2
memory,0,0,0.3,random,0.03,0.07582015098527053,0.5066666666666667,2.013333333333333,nan,0.5
memory,0,0,0.3,lowest,0.19666666666666666,0.07809257824315285,0.5916666666666667,10.663333333333334,nan,0.9
memory,0,0,0.3,greedy,-0.61,0.05848596931287029,0.19,-30.386666666666667,nan,1.5
memory,0,10000,0.265,random,0.31833333333333336,0.07514473278846036,0.6483333333333333,15.696666666666667,0.0,18.8
memory,0,10000,0.265,lowest,0.5166666666666667,0.07166376546459775,0.75,25.613333333333333,0.0,19.4
memory,0,10000,0.265,greedy,-0.2816666666666667,0.08185523825466955,0.34833333333333333,-13.2,0.0,19.9
memory,0,20000,0.23,random,0.4083333333333333,0.07055331299086778,0.6966666666666667,21.05,0.1419,37.7
memory,0,20000,0.23,lowest,0.5183333333333333,0.07262323464519285,0.7483333333333333,23.086666666666666,0.1419,38.1
memory,0,20000,0.23,greedy,-0.06333333333333334,0.08362738363683739,0.4533333333333333,-3.033333333333333,0.1419,38.6
memory,0,30000,0.195,random,0.435,0.06784670010928359,0.7133333333333334,23.756666666666668,0.2081,56.9
memory,0,30000,0.195,lowest,0.565,0.06641123630600693,0.7733333333333333,26.486666666666668,0.2081,57.4
memory,0,30000,0.195,greedy,-0.05,0.0850122949990373,0.4633333333333333,-3.6266666666666665,0.2081,57.9
memory,0,40000,0.16,random,0.5283333333333333,0.06785511605202145,0.7566666666666667,25.466666666666665,0.2286,78.8
memory,0,40000,0.16,lowest,0.5583333333333333,0.06744996631689393,0.77,27.74,0.2286,79.4
memory,0,40000,0.16,greedy,0.055,0.08208860454810699,0.5166666666666667,1.3,0.2286,79.9
memory,0,50000,0.125,random,0.5266666666666666,0.06667002711708901,0.76,26.89,0.2557,97.9
memory,0,50000,0.125,lowest,0.565,0.07093269157135007,0.775,25.926666666666666,0.2557,98.3
memory,0,50000,0.125,greedy,0.006666666666666667,0.0804135339354335,0.49,1.31,0.2557,99.0
memory,0,60000,0.09,random,0.5166666666666667,0.06525134208580337,0.75,23.216666666666665,0.31,117.9
memory,0,60000,0.09,lowest,0.5116666666666667,0.07115172403757446,0.7483333333333333,21.123333333333335,0.31,118.4
memory,0,60000,0.09,greedy,0.08833333333333333,0.08197548744929331,0.5333333333333333,2.8733333333333335,0.31,118.9
memory,0,70000,0.055,random,0.5,0.06527868394415201,0.7416666666666667,24.91,0.307,136.7
memory,0,70000,0.055,lowest,0.54,0.06848675156081953,0.7633333333333333,23.996666666666666,0.307,137.1
memory,0,70000,0.055,greedy,0.12666666666666668,0.07952991056262333,0.5583333333333333,4.486666666666666,0.307,137.6
memory,0,80000,0.02,random,0.5383333333333333,0.06619377104500047,0.7583333333333333,27.233333333333334,0.3369,155.7
memory,0,80000,0.02,lowest,0.5283333333333333,0.0725819426722722,0.755,23.536666666666665,0.3369,156.3
memory,0,80000,0.02,greedy,0.125,0.08016705662346604,0.55,4.926666666666667,0.3369,156.8
memory,0,90000,0.02,random,0.47,0.07160796652304288,0.7316666666666667,25.076666666666668,0.3422,175.4
memory,0,90000,0.02,lowest,0.43666666666666665,0.07339972225460492,0.7033333333333334,19.216666666666665,0.3422,176.1
memory,0,90000,0.02,greedy,0.15166666666666667,0.08222066718426659,0.565,4.533333333333333,0.3422,176.5
memory,0,100000,0.02,random,0.45666666666666667,0.0668784733449621,0.72,23.91,0.3492,194.4
memory,0,100000,0.02,lowest,0.48833333333333334,0.0702430511023544,0.735,20.753333333333334,0.3492,194.9
memory,0,100000,0.02,greedy,0.16333333333333333,0.07659754491516582,0.565,5.85,0.3492,195.4
features,0,0,0.3,random,0.095,0.07491450853969193,0.535,2.4066666666666667,nan,0.6
features,0,0,0.3,lowest,0.20666666666666667,0.07665064288947462,0.5966666666666667,10.196666666666667,nan,1.2
features,0,0,0.3,greedy,-0.56,0.06442679874771433,0.21333333333333335,-29.016666666666666,nan,1.8
features,0,10000,0.265,random,0.575,0.06397401402489204,0.7783333333333333,27.79,0.2193,18.8
features,0,10000,0.265,lowest,0.58,0.06803502016450673,0.7833333333333333,25.893333333333334,0.2193,19.4
features,0,10000,0.265,greedy,-0.09166666666666666,0.08283819682049563,0.44166666666666665,-4.583333333333333,0.2193,20.0
features,0,20000,0.23,random,0.6483333333333333,0.05967450158134376,0.8133333333333334,31.726666666666667,0.2618,37.9
features,0,20000,0.23,lowest,0.6,0.06395309038932816,0.7916666666666666,25.643333333333334,0.2618,38.5
features,0,20000,0.23,greedy,-0.016666666666666666,0.08378599023135477,0.47833333333333333,-1.42,0.2618,39.1
features,0,30000,0.195,random,0.615,0.06303661514943763,0.8,28.953333333333333,0.2612,56.6
features,0,30000,0.195,lowest,0.5166666666666667,0.07284918728235593,0.745,22.276666666666667,0.2612,57.2
features,0,30000,0.195,greedy,0.08666666666666667,0.08127701469542348,0.5316666666666666,1.5,0.2612,57.9
features,0,40000,0.16,random,0.515,0.06467973514354071,0.7416666666666667,27.25,0.3071,77.9
features,0,40000,0.16,lowest,0.6083333333333333,0.06632950135427723,0.7966666666666666,29.726666666666667,0.3071,78.6
features,0,40000,0.16,greedy,-0.225,0.08188488126183122,0.375,-11.78,0.3071,79.3
features,0,50000,0.125,random,0.43833333333333335,0.06851462543267037,0.7116666666666667,23.99,0.3278,97.3
features,0,50000,0.125,lowest,0.6616666666666666,0.06065681508210639,0.8233333333333334,31.393333333333334,0.3278,97.7
features,0,50000,0.125,greedy,-0.2966666666666667,0.08097346377517031,0.3433333333333333,-13.63,0.3278,98.3
features,0,60000,0.09,random,0.57,0.06312063515158725,0.775,28.983333333333334,0.3534,116.9
features,0,60000,0.09,lowest,0.64,0.06432701016169927,0.815,29.53,0.3534,117.3
features,0,60000,0.09,greedy,-0.18833333333333332,0.08332275794658137,0.39666666666666667,-7.57,0.3534,117.9
features,0,70000,0.055,random,0.645,0.05796095906659692,0.815,31.676666666666666,0.3583,137.1
features,0,70000,0.055,lowest,0.6383333333333333,0.06243130580887969,0.8116666666666666,27.613333333333333,0.3583,137.6
features,0,70000,0.055,greedy,0.008333333333333333,0.08322504223577655,0.49833333333333335,-0.47,0.3583,138.2
features,0,80000,0.02,random,0.5766666666666667,0.06697446048672535,0.7833333333333333,29.10333333333333,0.3828,155.5
features,0,80000,0.02,lowest,0.6133333333333333,0.06483322526091992,0.8,29.116666666666667,0.3828,156.0
features,0,80000,0.02,greedy,-0.13666666666666666,0.08403608044641739,0.42333333333333334,-6.536666666666667,0.3828,156.4
features,0,90000,0.02,random,0.6483333333333333,0.05967450158134377,0.8166666666666667,31.436666666666667,0.3967,173.9
features,0,90000,0.02,lowest,0.6033333333333334,0.06537592814389974,0.795,26.726666666666667,0.3967,174.5
features,0,90000,0.02,greedy,-0.0033333333333333335,0.08444279921728497,0.4866666666666667,-0.2733333333333333,0.3967,175.1
features,0,100000,0.02,random,0.535,0.06589331365805143,0.76,27.773333333333333,0.3891,193.1
features,0,100000,0.02,lowest,0.67,0.06062886052942937,0.8266666666666667,30.636666666666667,0.3891,193.7
features,0,100000,0.02,greedy,-0.15333333333333332,0.08404882019925022,0.41,-6.043333333333333,0.3891,194.4
basic,1,0,0.3,random,0.03,0.07582015098527053,0.5066666666666667,2.013333333333333,nan,0.4
basic,1,0,0.3,lowest,0.19666666666666666,0.07809257824315285,0.5916666666666667,10.663333333333334,nan,0.8
basic,1,0,0.3,greedy,-0.61,0.05848596931287029,0.19,-30.386666666666667,nan,1.2
basic,1,10000,0.265,random,0.47833333333333333,0.06944591783200992,0.735,24.176666666666666,0.087,15.0
basic,1,10000,0.265,lowest,0.5883333333333334,0.06458917894212385,0.7833333333333333,27.96,0.087,15.4
basic,1,10000,0.265,greedy,0.0,0.083807285438264,0.49,-0.22666666666666666,0.087,15.8
basic,1,20000,0.23,random,0.545,0.06945619538185988,0.7666666666666667,27.496666666666666,0.1916,30.4
basic,1,20000,0.23,lowest,0.5766666666666667,0.0668144053075089,0.7816666666666666,26.01,0.1916,30.7
basic,1,20000,0.23,greedy,0.0,0.0830372174821597,0.4866666666666667,0.5466666666666666,0.1916,31.1
basic,1,30000,0.195,random,0.515,0.06500996339040885,0.75,26.086666666666666,0.2308,45.2
basic,1,30000,0.195,lowest,0.5816666666666667,0.06649716456236779,0.7833333333333333,25.746666666666666,0.2308,45.7
basic,1,30000,0.195,greedy,0.0033333333333333335,0.08264862931207409,0.4866666666666667,1.17,0.2308,46.2
basic,1,40000,0.16,random,0.5216666666666666,0.06741185868922518,0.7516666666666667,26.21,0.2522,61.1
basic,1,40000,0.16,lowest,0.59,0.06530164225810364,0.785,25.22,0.2522,61.5
basic,1,40000,0.16,greedy,0.12666666666666668,0.0804667750089557,0.5516666666666666,1.9433333333333334,0.2522,61.9
basic,1,50000,0.125,random,0.54,0.0665843219433154,0.7633333333333333,26.123333333333335,0.2658,79.2
basic,1,50000,0.125,lowest,0.545,0.0743694285735377,0.765,23.063333333333333,0.2658,79.6
basic,1,50000,0.125,greedy,0.08166666666666667,0.0814092979130541,0.5316666666666666,2.3066666666666666,0.2658,80.1
basic,1,60000,0.09,random,0.5483333333333333,0.0657848998700342,0.77,26.39666666666667,0.2878,95.2
basic,1,60000,0.09,lowest,0.565,0.06831848591995167,0.7766666666666666,23.55,0.2878,95.7
basic,1,60000,0.09,greedy,0.115,0.08426150117171034,0.5466666666666666,4.22,0.2878,96.1
basic,1,70000,0.055,random,0.5783333333333334,0.06375495299942094,0.7816666666666666,27.036666666666665,0.3063,111.5
basic,1,70000,0.055,lowest,0.5266666666666666,0.07072231712113079,0.7566666666666667,24.183333333333334,0.3063,112.0
basic,1,70000,0.055,greedy,0.145,0.08198419430562223,0.5616666666666666,3.39,0.3063,112.4
basic,1,80000,0.02,random,0.47333333333333333,0.06965451121599198,0.7283333333333334,23.86,0.3292,128.2
basic,1,80000,0.02,lowest,0.5583333333333333,0.0714580406905936,0.77,24.93,0.3292,128.5
basic,1,80000,0.02,greedy,0.09,0.08083406569103599,0.5383333333333333,2.23,0.3292,128.9
basic,1,90000,0.02,random,0.5383333333333333,0.06505167268345154,0.76,25.243333333333332,0.3399,143.4
basic,1,90000,0.02,lowest,0.5233333333333333,0.06997656389543357,0.755,25.036666666666665,0.3399,143.7
basic,1,90000,0.02,greedy,-0.056666666666666664,0.08122166832456416,0.46166666666666667,-1.42,0.3399,144.1
basic,1,100000,0.02,random,0.5566666666666666,0.06346122673256532,0.765,25.38,0.3456,158.1
basic,1,100000,0.02,lowest,0.5583333333333333,0.06502533308466939,0.7716666666666666,24.0,0.3456,158.5
basic,1,100000,0.02,greedy,0.1,0.0806829267635104,0.5383333333333333,4.566666666666666,0.3456,158.9
memory,1,0,0.3,random,0.03,0.07582015098527053,0.5066666666666667,2.013333333333333,nan,0.4
memory,1,0,0.3,lowest,0.19666666666666666,0.07809257824315285,0.5916666666666667,10.663333333333334,nan,0.8
memory,1,0,0.3,greedy,-0.61,0.05848596931287029,0.19,-30.386666666666667,nan,1.2
memory,1,10000,0.265,random,0.2683333333333333,0.07925006909932794,0.62,15.473333333333333,-0.012,19.8
memory,1,10000,0.265,lowest,0.5166666666666667,0.07045840243313764,0.7516666666666667,22.746666666666666,-0.012,20.3
memory,1,10000,0.265,greedy,-0.355,0.08119683805783856,0.31,-15.126666666666667,-0.012,20.9
memory,1,20000,0.23,random,0.4816666666666667,0.06758317380013525,0.7316666666666667,24.2,0.1129,37.8
memory,1,20000,0.23,lowest,0.47833333333333333,0.07246383595537506,0.7316666666666667,24.48,0.1129,38.2
memory,1,20000,0.23,greedy,-0.12,0.08191560275963171,0.43,-5.166666666666667,0.1129,38.7
memory,1,30000,0.195,random,0.535,0.06859999999999994,0.7583333333333333,27.206666666666667,0.1951,56.1
memory,1,30000,0.195,lowest,0.57,0.06642655041304664,0.7733333333333333,26.87,0.1951,56.6
memory,1,30000,0.195,greedy,0.008333333333333333,0.08809959188287646,0.49333333333333335,-0.37,0.1951,57.1
memory,1,40000,0.16,random,0.555,0.06406766803120378,0.7733333333333333,27.023333333333333,0.2326,74.0
memory,1,40000,0.16,lowest,0.51,0.07062637037077768,0.7433333333333333,24.013333333333332,0.2326,74.5
memory,1,40000,0.16,greedy,0.05333333333333334,0.08164503169389609,0.5116666666666667,1.35,0.2326,74.9
memory,1,50000,0.125,random,0.505,0.06839993121969067,0.7433333333333333,25.66,0.2558,92.6
memory,1,50000,0.125,lowest,0.49333333333333335,0.07183388326953782,0.7333333333333333,21.423333333333332,0.2558,93.2
memory,1,50000,0.125,greedy,0.0033333333333333335,0.08001577287839816,0.485,0.8166666666666667,0.2558,93.7
memory,1,60000,0.09,random,0.48833333333333334,0.06870189385489574,0.7383333333333333,24.47,0.297,111.3
memory,1,60000,0.09,lowest,0.5416666666666666,0.07009657032488652,0.765,23.726666666666667,0.297,111.7
memory,1,60000,0.09,greedy,0.125,0.08056672868092384,0.5466666666666666,3.5233333333333334,0.297,112.1
memory,1,70000,0.055,random,0.5633333333333334,0.06201403037086929,0.7733333333333333,26.616666666666667,0.3216,128.4
memory,1,70000,0.055,lowest,0.5366666666666666,0.06913300920489636,0.7533333333333333,21.953333333333333,0.3216,128.9
memory,1,70000,0.055,greedy,0.18,0.08194173964257878,0.575,5.163333333333333,0.3216,129.4
memory,1,80000,0.02,random,0.5116666666666667,0.06696566739336571,0.7483333333333333,25.823333333333334,0.3249,146.5
memory,1,80000,0.02,lowest,0.52,0.07105259000392132,0.75,21.243333333333332,0.3249,147.0
memory,1,80000,0.02,greedy,0.15166666666666667,0.08351271831969398,0.5666666666666667,4.733333333333333,0.3249,147.5
memory,1,90000,0.02,random,0.5316666666666666,0.06656153795692651,0.7583333333333333,25.383333333333333,0.3385,164.2
memory,1,90000,0.02,lowest,0.52,0.07150322614358687,0.745,20.88,0.3385,164.6
memory,1,90000,0.02,greedy,0.14,0.08383794103354804,0.5566666666666666,4.816666666666666,0.3385,165.2
memory,1,100000,0.02,random,0.51,0.0681576597124672,0.7433333333333333,24.696666666666665,0.3411,183.2
memory,1,100000,0.02,lowest,0.525,0.07230211143338582,0.7533333333333333,22.393333333333334,0.3411,183.7
memory,1,100000,0.02,greedy,0.155,0.07989413759375964,0.5666666666666667,5.243333333333333,0.3411,184.2
features,1,0,0.3,random,0.095,0.07491450853969193,0.535,2.4066666666666667,nan,0.5
features,1,0,0.3,lowest,0.20666666666666667,0.07665064288947462,0.5966666666666667,10.196666666666667,nan,1.1
features,1,0,0.3,greedy,-0.56,0.06442679874771433,0.21333333333333335,-29.016666666666666,nan,1.7
features,1,10000,0.265,random,0.5983333333333334,0.06473489016907759,0.7916666666666666,28.516666666666666,0.2154,18.8
features,1,10000,0.265,lowest,0.5266666666666666,0.07011413363519756,0.75,23.09,0.2154,19.5
features,1,10000,0.265,greedy,0.08333333333333333,0.08223824504661043,0.5266666666666666,1.5466666666666666,0.2154,19.9
features,1,20000,0.23,random,0.6616666666666666,0.06048004311351799,0.825,31.963333333333335,0.2556,36.3
features,1,20000,0.23,lowest,0.555,0.06936364261187535,0.7683333333333333,23.093333333333334,0.2556,36.9
features,1,20000,0.23,greedy,0.055,0.08221893089518587,0.5183333333333333,1.71,0.2556,37.4
features,1,30000,0.195,random,0.6483333333333333,0.06074148289540658,0.8166666666666667,30.12,0.2821,53.0
features,1,30000,0.195,lowest,0.5716666666666667,0.06776037642972596,0.7716666666666666,24.763333333333332,0.2821,53.6
features,1,30000,0.195,greedy,0.10166666666666667,0.08125132285462293,0.54,2.3266666666666667,0.2821,54.2
features,1,40000,0.16,random,0.67,0.05754847968396161,0.825,31.98,0.2881,70.2
features,1,40000,0.16,lowest,0.57,0.06642655041304665,0.7766666666666666,23.796666666666667,0.2881,70.8
features,1,40000,0.16,greedy,0.06333333333333334,0.08102633692883779,0.5166666666666667,1.3333333333333333,0.2881,71.4
features,1,50000,0.125,random,0.5066666666666667,0.06705434481026469,0.7433333333333333,27.123333333333335,0.3127,87.5
features,1,50000,0.125,lowest,0.56,0.067826971151656,0.7716666666666666,25.333333333333332,0.3127,88.1
features,1,50000,0.125,greedy,-0.15833333333333333,0.07981011234147213,0.41,-6.71,0.3127,88.8
features,1,60000,0.09,random,0.505,0.06420122247800279,0.7383333333333333,26.86,0.3325,105.1
features,1,60000,0.09,lowest,0.67,0.060274634194769465,0.8266666666666667,31.113333333333333,0.3325,105.7
features,1,60000,0.09,greedy,-0.195,0.08156521680893201,0.39,-11.443333333333333,0.3325,106.3
features,1,70000,0.055,random,0.65,0.058624934483066334,0.815,29.946666666666665,0.3625,123.4
features,1,70000,0.055,lowest,0.47833333333333333,0.0731988765339115,0.7283333333333334,19.43,0.3625,123.9
features,1,70000,0.055,greedy,0.03,0.08074394669284034,0.505,1.48,0.3625,124.4
features,1,80000,0.02,random,0.6416666666666667,0.058434382934035224,0.8133333333333334,33.54666666666667,0.3888,141.1
features,1,80000,0.02,lowest,0.6733333333333333,0.05979548745167803,0.8283333333333334,32.333333333333336,0.3888,141.8
features,1,80000,0.02,greedy,-0.18166666666666667,0.08037691024006743,0.4,-7.25,0.3888,142.4
features,1,90000,0.02,random,0.64,0.05912322901861424,0.815,31.5,0.4087,158.8
features,1,90000,0.02,lowest,0.5633333333333334,0.06715326939536759,0.7733333333333333,25.746666666666666,0.4087,159.4
features,1,90000,0.02,greedy,0.016666666666666666,0.0815846857191166,0.49666666666666665,-0.4066666666666667,0.4087,160.0
features,1,100000,0.02,random,0.6433333333333333,0.06080754759622697,0.815,31.656666666666666,0.3995,176.9
features,1,100000,0.02,lowest,0.6683333333333333,0.06147735248104611,0.8266666666666667,31.236666666666668,0.3995,177.5
features,1,100000,0.02,greedy,-0.11166666666666666,0.08444596899599742,0.43333333333333335,-4.57,0.3995,178.1
basic,2,0,0.3,random,0.03,0.07582015098527053,0.5066666666666667,2.013333333333333,nan,0.4
basic,2,0,0.3,lowest,0.19666666666666666,0.07809257824315285,0.5916666666666667,10.663333333333334,nan,0.8
basic,2,0,0.3,greedy,-0.61,0.05848596931287029,0.19,-30.386666666666667,nan,1.2
basic,2,10000,0.265,random,0.49166666666666664,0.06932864607687397,0.7366666666666667,24.686666666666667,0.0733,15.0
basic,2,10000,0.265,lowest,0.5933333333333334,0.0681314732263916,0.79,25.883333333333333,0.0733,15.4
basic,2,10000,0.265,greedy,-0.03333333333333333,0.08599319842089982,0.47333333333333333,-2.3633333333333333,0.0733,15.8
basic,2,20000,0.23,random,0.5566666666666666,0.06463143588568253,0.7666666666666667,29.27,0.1998,29.3
basic,2,20000,0.23,lowest,0.5783333333333334,0.06953836109706205,0.78,27.54,0.1998,29.8
basic,2,20000,0.23,greedy,-0.03166666666666667,0.08430384597795114,0.47,-0.5933333333333334,0.1998,30.1
basic,2,30000,0.195,random,0.515,0.06775194871871916,0.75,24.623333333333335,0.2298,44.1
basic,2,30000,0.195,lowest,0.5666666666666667,0.07007747477756533,0.7733333333333333,25.56,0.2298,44.6
basic,2,30000,0.195,greedy,0.023333333333333334,0.08024025647283113,0.495,0.5433333333333333,0.2298,45.1
basic,2,40000,0.16,random,0.5083333333333333,0.0677666965251652,0.745,27.35333333333333,0.2707,59.2
basic,2,40000,0.16,lowest,0.6,0.06478476498996415,0.7916666666666666,27.576666666666668,0.2707,59.7
basic,2,40000,0.16,greedy,-0.041666666666666664,0.0810084960975399,0.4666666666666667,-2.1133333333333333,0.2707,60.1
basic,2,50000,0.125,random,0.535,0.06765706463222318,0.7616666666666667,26.55666666666667,0.2616,74.0
basic,2,50000,0.125,lowest,0.5533333333333333,0.07217884966976598,0.7683333333333333,24.336666666666666,0.2616,74.4
basic,2,50000,0.125,greedy,0.011666666666666667,0.0852535554999375,0.49666666666666665,0.6366666666666667,0.2616,74.8
basic,2,60000,0.09,random,0.49666666666666665,0.0668976817913733,0.74,24.696666666666665,0.2972,89.0
basic,2,60000,0.09,lowest,0.54,0.07064152852139799,0.7666666666666667,24.313333333333333,0.2972,89.3
basic,2,60000,0.09,greedy,0.0,0.0819992114598951,0.49666666666666665,-1.1333333333333333,0.2972,89.7
basic,2,70000,0.055,random,0.49333333333333335,0.06737293491987413,0.74,23.406666666666666,0.3131,104.4
basic,2,70000,0.055,lowest,0.5633333333333334,0.06888476754912724,0.7716666666666666,24.666666666666668,0.3131,104.8
basic,2,70000,0.055,greedy,0.115,0.07887992737790663,0.5433333333333333,2.6433333333333335,0.3131,105.2
basic,2,80000,0.02,random,0.5466666666666666,0.06620590113596228,0.7666666666666667,26.416666666666668,0.3514,119.5
basic,2,80000,0.02,lowest,0.5816666666666667,0.06503191898450998,0.78,24.73,0.3514,119.9
basic,2,80000,0.02,greedy,0.12,0.07789581470604143,0.5433333333333333,3.986666666666667,0.3514,120.3
basic,2,90000,0.02,random,0.525,0.06850003865275696,0.755,24.386666666666667,0.3467,134.2
basic,2,90000,0.02,lowest,0.5666666666666667,0.06695207579577399,0.77,24.436666666666667,0.3467,134.7
basic,2,90000,0.02,greedy,0.07833333333333334,0.08403926556568087,0.5233333333333333,2.546666666666667,0.3467,135.1
basic,2,100000,0.02,random,0.5616666666666666,0.06645206608213862,0.7716666666666666,26.673333333333332,0.3474,149.1
basic,2,100000,0.02,lowest,0.61,0.06765310824069024,0.7966666666666666,26.576666666666668,0.3474,149.6
basic,2,100000,0.02,greedy,0.06,0.0845500829197651,0.5133333333333333,1.9266666666666667,0.3474,150.1
memory,2,0,0.3,random,0.03,0.07582015098527053,0.5066666666666667,2.013333333333333,nan,0.4
memory,2,0,0.3,lowest,0.19666666666666666,0.07809257824315285,0.5916666666666667,10.663333333333334,nan,0.8
memory,2,0,0.3,greedy,-0.61,0.05848596931287029,0.19,-30.386666666666667,nan,1.3
memory,2,10000,0.265,random,0.33166666666666667,0.07086221644717838,0.6616666666666666,16.803333333333335,-0.0282,18.4
memory,2,10000,0.265,lowest,0.51,0.07123018036842042,0.75,24.543333333333333,-0.0282,18.8
memory,2,10000,0.265,greedy,-0.3233333333333333,0.07978529009656729,0.335,-13.306666666666667,-0.0282,19.3
memory,2,20000,0.23,random,0.44,0.06938756390396043,0.7116666666666667,22.743333333333332,0.1223,36.3
memory,2,20000,0.23,lowest,0.5283333333333333,0.06769714302347947,0.755,26.293333333333333,0.1223,36.9
memory,2,20000,0.23,greedy,-0.07333333333333333,0.08157681121393204,0.4533333333333333,-3.3966666666666665,0.1223,37.4
memory,2,30000,0.195,random,0.49333333333333335,0.06641257979002488,0.74,24.266666666666666,0.203,54.8
memory,2,30000,0.195,lowest,0.5516666666666666,0.06751977444084471,0.77,26.713333333333335,0.203,55.4
memory,2,30000,0.195,greedy,-0.023333333333333334,0.08182580259018585,0.48,-0.9033333333333333,0.203,55.9
memory,2,40000,0.16,random,0.4666666666666667,0.0699245226677197,0.725,24.166666666666668,0.2698,72.7
memory,2,40000,0.16,lowest,0.6533333333333333,0.059959993599101646,0.82,30.626666666666665,0.2698,73.2
memory,2,40000,0.16,greedy,-0.008333333333333333,0.08424794633865972,0.475,-1.2066666666666668,0.2698,73.5
memory,2,50000,0.125,random,0.53,0.067766959849684,0.76,24.156666666666666,0.2647,90.9
memory,2,50000,0.125,lowest,0.5033333333333333,0.07243058374172376,0.74,21.866666666666667,0.2647,91.4
memory,2,50000,0.125,greedy,0.14333333333333334,0.08440221553588091,0.56,4.253333333333333,0.2647,91.9
memory,2,60000,0.09,random,0.54,0.07018535993470358,0.76,25.803333333333335,0.2987,109.4
memory,2,60000,0.09,lowest,0.48333333333333334,0.07225890729960084,0.7316666666666667,23.18,0.2987,109.9
memory,2,60000,0.09,greedy,0.03166666666666667,0.08417674765505169,0.5016666666666667,1.08,0.2987,110.3
memory,2,70000,0.055,random,0.45666666666666667,0.07106966596961797,0.7233333333333334,23.493333333333332,0.3165,128.5
memory,2,70000,0.055,lowest,0.5816666666666667,0.06519635026364379,0.785,25.216666666666665,0.3165,129.1
memory,2,70000,0.055,greedy,-0.0016666666666666668,0.08675739175513869,0.4866666666666667,-1.02,0.3165,129.5
memory,2,80000,0.02,random,0.5233333333333333,0.06780065694464636,0.7533333333333333,22.9,0.3471,147.5
memory,2,80000,0.02,lowest,0.475,0.07080578584273417,0.7283333333333334,18.993333333333332,0.3471,147.9
memory,2,80000,0.02,greedy,0.15333333333333332,0.07973427962585766,0.565,4.346666666666667,0.3471,148.3
memory,2,90000,0.02,random,0.5133333333333333,0.06526118647444305,0.7516666666666667,24.76,0.3576,166.8
memory,2,90000,0.02,lowest,0.4816666666666667,0.07422724446011186,0.73,21.423333333333332,0.3576,167.3
memory,2,90000,0.02,greedy,0.075,0.08003338907467403,0.5216666666666666,2.3033333333333332,0.3576,167.7
memory,2,100000,0.02,random,0.49,0.06924855076984285,0.7383333333333333,24.8,0.363,184.9
memory,2,100000,0.02,lowest,0.48333333333333334,0.07416014088259615,0.7283333333333334,22.826666666666668,0.363,185.3
memory,2,100000,0.02,greedy,0.11166666666666666,0.08419200958457537,0.5416666666666666,5.22,0.363,185.7
features,2,0,0.3,random,0.095,0.07491450853969193,0.535,2.4066666666666667,nan,0.5
features,2,0,0.3,lowest,0.20666666666666667,0.07665064288947462,0.5966666666666667,10.196666666666667,nan,1.1
features,2,0,0.3,greedy,-0.56,0.06442679874771433,0.21333333333333335,-29.016666666666666,nan,1.6
features,2,10000,0.265,random,0.5916666666666667,0.0638623420845897,0.785,26.55,0.2258,18.6
features,2,10000,0.265,lowest,0.45,0.07483085348452094,0.7133333333333334,17.673333333333332,0.2258,19.1
features,2,10000,0.265,greedy,-0.05,0.08035048642600942,0.46166666666666667,-3.3966666666666665,0.2258,19.7
features,2,20000,0.23,random,0.6583333333333333,0.05988226712488716,0.8233333333333334,31.48,0.2497,35.5
features,2,20000,0.23,lowest,0.5366666666666666,0.07036108135083755,0.7583333333333333,21.223333333333333,0.2497,36.0
features,2,20000,0.23,greedy,0.06666666666666667,0.08165027706219334,0.5233333333333333,3.1333333333333333,0.2497,36.6
features,2,30000,0.195,random,0.6183333333333333,0.060529591302624315,0.7983333333333333,32.18666666666667,0.2648,52.8
features,2,30000,0.195,lowest,0.6083333333333333,0.0653538150726941,0.7983333333333333,28.953333333333333,0.2648,53.3
features,2,30000,0.195,greedy,-0.16833333333333333,0.08088151447103942,0.4083333333333333,-5.53,0.2648,53.8
features,2,40000,0.16,random,0.6433333333333333,0.06009911348015009,0.8166666666666667,31.173333333333332,0.301,70.3
features,2,40000,0.16,lowest,0.5883333333333334,0.06969216071379386,0.7866666666666666,25.736666666666668,0.301,70.9
features,2,40000,0.16,greedy,-0.11,0.08390177088232799,0.435,-5.246666666666667,0.301,71.4
features,2,50000,0.125,random,0.66,0.05660681264175008,0.8216666666666667,32.32666666666667,0.327,87.5
features,2,50000,0.125,lowest,0.5816666666666667,0.06918022918432892,0.7766666666666666,24.333333333333332,0.327,88.1
features,2,50000,0.125,greedy,0.10833333333333334,0.0845017376393254,0.5433333333333333,2.5866666666666664,0.327,88.6
features,2,60000,0.09,random,0.6483333333333333,0.06038791719002442,0.8166666666666667,30.7,0.3573,104.7
features,2,60000,0.09,lowest,0.545,0.06868111146788312,0.7616666666666667,21.683333333333334,0.3573,105.2
features,2,60000,0.09,greedy,0.12166666666666667,0.08285887416936044,0.5483333333333333,3.513333333333333,0.3573,105.8
features,2,70000,0.055,random,0.645,0.05869520576237185,0.815,32.34,0.3744,122.7
features,2,70000,0.055,lowest,0.6016666666666667,0.06450292213500022,0.7883333333333333,24.78,0.3744,123.2
features,2,70000,0.055,greedy,0.16166666666666665,0.08092386381911292,0.5716666666666667,6.053333333333334,0.3744,123.9
features,2,80000,0.02,random,0.6633333333333333,0.058349119825981476,0.8233333333333334,32.75,0.3932,140.2
features,2,80000,0.02,lowest,0.595,0.06802321624796884,0.79,23.456666666666667,0.3932,140.7
features,2,80000,0.02,greedy,0.17,0.07983716203292515,0.57,5.833333333333333,0.3932,141.3
features,2,90000,0.02,random,0.6,0.060512195072632634,0.7883333333333333,31.11,0.4053,157.2
features,2,90000,0.02,lowest,0.7083333333333334,0.05806677110962627,0.85,33.76,0.4053,157.9
features,2,90000,0.02,greedy,-0.16666666666666666,0.08085966942167014,0.4066666666666667,-7.27,0.4053,158.6
features,2,100000,0.02,random,0.55,0.06649743291413177,0.7683333333333333,28.99,0.4097,174.6
features,2,100000,0.02,lowest,0.66,0.0632189407571582,0.8233333333333334,32.093333333333334,0.4097,175.2
features,2,100000,0.02,greedy,-0.175,0.0826656844441234,0.3983333333333333,-7.306666666666667,0.4097,175.8
basic,3,0,0.3,random,0.03,0.07582015098527053,0.5066666666666667,2.013333333333333,nan,0.4
basic,3,0,0.3,lowest,0.19666666666666666,0.07809257824315285,0.5916666666666667,10.663333333333334,nan,0.8
basic,3,0,0.3,greedy,-0.61,0.05848596931287029,0.19,-30.386666666666667,nan,1.3
basic,3,10000,0.265,random,0.455,0.07007008977081831,0.7216666666666667,22.883333333333333,0.1024,14.5
basic,3,10000,0.265,lowest,0.6266666666666667,0.06533988818845747,0.805,31.013333333333332,0.1024,14.8
basic,3,10000,0.265,greedy,-0.18833333333333332,0.0826777720271009,0.3983333333333333,-5.91,0.1024,15.3
basic,3,20000,0.23,random,0.5066666666666667,0.0681628958024592,0.7483333333333333,25.413333333333334,0.2114,28.7
basic,3,20000,0.23,lowest,0.6116666666666667,0.06225957230908365,0.7966666666666666,27.356666666666666,0.2114,29.1
basic,3,20000,0.23,greedy,0.07333333333333333,0.082230433127236,0.5233333333333333,1.23,0.2114,29.5
basic,3,30000,0.195,random,0.54,0.0667449288676146,0.7583333333333333,27.046666666666667,0.2276,43.3
basic,3,30000,0.195,lowest,0.5766666666666667,0.06600830820538255,0.78,25.606666666666666,0.2276,43.7
basic,3,30000,0.195,greedy,0.041666666666666664,0.08475476898587557,0.5066666666666667,0.72,0.2276,44.1
basic,3,40000,0.16,random,0.5116666666666667,0.06807566243292763,0.75,24.506666666666668,0.2564,57.4
basic,3,40000,0.16,lowest,0.5566666666666666,0.06864810650660101,0.7716666666666666,26.42,0.2564,57.9
basic,3,40000,0.16,greedy,-0.12666666666666668,0.07871800981190832,0.4166666666666667,-4.06,0.2564,58.3
basic,3,50000,0.125,random,0.5033333333333333,0.06785117120883769,0.7466666666666667,26.216666666666665,0.2479,72.4
basic,3,50000,0.125,lowest,0.5583333333333333,0.06792450779229622,0.7683333333333333,26.136666666666667,0.2479,72.7
basic,3,50000,0.125,greedy,0.03333333333333333,0.08461253196096763,0.5033333333333333,0.2966666666666667,0.2479,73.1
basic,3,60000,0.09,random,0.48833333333333334,0.06791820238190974,0.7366666666666667,25.133333333333333,0.2798,86.4
basic,3,60000,0.09,lowest,0.51,0.07153017403237208,0.745,20.303333333333335,0.2798,86.7
basic,3,60000,0.09,greedy,0.15833333333333333,0.08100849609754003,0.5666666666666667,4.556666666666667,0.2798,87.1
basic,3,70000,0.055,random,0.5133333333333333,0.0690865318383888,0.7483333333333333,24.12,0.3203,100.5
basic,3,70000,0.055,lowest,0.59,0.06447663512580383,0.7866666666666666,25.80666666666667,0.3203,100.8
basic,3,70000,0.055,greedy,0.01,0.08225213107132734,0.495,-0.06333333333333334,0.3203,101.3
basic,3,80000,0.02,random,0.535,0.0665400870784356,0.7533333333333333,26.296666666666667,0.3423,115.2
basic,3,80000,0.02,lowest,0.5366666666666666,0.06882256722863918,0.7583333333333333,22.436666666666667,0.3423,115.6
basic,3,80000,0.02,greedy,0.14833333333333334,0.08151444453230274,0.5616666666666666,3.3066666666666666,0.3423,116.0
basic,3,90000,0.02,random,0.5683333333333334,0.06522918677921807,0.7733333333333333,27.333333333333332,0.3686,130.3
basic,3,90000,0.02,lowest,0.535,0.07090249652429674,0.7566666666666667,22.753333333333334,0.3686,130.6
basic,3,90000,0.02,greedy,0.14166666666666666,0.081797665280473,0.5583333333333333,4.3533333333333335,0.3686,131.0
basic,3,100000,0.02,random,0.5333333333333333,0.0650047478470668,0.76,26.13,0.3477,144.4
basic,3,100000,0.02,lowest,0.5416666666666666,0.06744996631689384,0.7633333333333333,23.626666666666665,0.3477,144.8
basic,3,100000,0.02,greedy,0.10833333333333334,0.08192845443573403,0.5433333333333333,5.14,0.3477,145.3
memory,3,0,0.3,random,0.03,0.07582015098527053,0.5066666666666667,2.013333333333333,nan,0.5
memory,3,0,0.3,lowest,0.19666666666666666,0.07809257824315285,0.5916666666666667,10.663333333333334,nan,1.1
memory,3,0,0.3,greedy,-0.61,0.05848596931287029,0.19,-30.386666666666667,nan,1.8
memory,3,10000,0.265,random,0.30333333333333334,0.0772655755903739,0.6416666666666667,16.143333333333334,0.005,18.6
memory,3,10000,0.265,lowest,0.4633333333333333,0.07421209734300463,0.7283333333333334,22.923333333333332,0.005,19.0
memory,3,10000,0.265,greedy,-0.29333333333333333,0.07885390712982795,0.3416666666666667,-12.193333333333333,0.005,19.5
memory,3,20000,0.23,random,0.48,0.06717983718325597,0.7283333333333334,22.776666666666667,0.1331,36.0
memory,3,20000,0.23,lowest,0.5533333333333333,0.0659791050558903,0.765,24.816666666666666,0.1331,36.5
memory,3,20000,0.23,greedy,-0.09666666666666666,0.0841124900198055,0.43833333333333335,-4.663333333333333,0.1331,37.0
memory,3,30000,0.195,random,0.5216666666666666,0.06898184326947696,0.7583333333333333,26.066666666666666,0.1873,53.9
memory,3,30000,0.195,lowest,0.63,0.06223233771362047,0.81,28.62,0.1873,54.4
memory,3,30000,0.195,greedy,-0.008333333333333333,0.08100849609753998,0.48833333333333334,0.4,0.1873,54.9
memory,3,40000,0.16,random,0.47,0.07055356591499962,0.7266666666666667,25.023333333333333,0.2379,71.9
memory,3,40000,0.16,lowest,0.5333333333333333,0.07128927884566659,0.76,25.116666666666667,0.2379,72.4
memory,3,40000,0.16,greedy,-0.008333333333333333,0.0803449340999533,0.4866666666666667,-0.19333333333333333,0.2379,72.9
memory,3,50000,0.125,random,0.5133333333333333,0.06476713408339484,0.7433333333333333,25.273333333333333,0.2595,89.1
memory,3,50000,0.125,lowest,0.5283333333333333,0.06863952781664953,0.75,25.686666666666667,0.2595,89.6
memory,3,50000,0.125,greedy,0.08666666666666667,0.0843793786372284,0.5283333333333333,2.1666666666666665,0.2595,90.1
memory,3,60000,0.09,random,0.505,0.065029723758673,0.7416666666666667,25.203333333333333,0.2682,107.6
memory,3,60000,0.09,lowest,0.4766666666666667,0.07282566794446221,0.7316666666666667,20.486666666666668,0.2682,108.0
memory,3,60000,0.09,greedy,0.07833333333333334,0.08301379011757101,0.53,3.0433333333333334,0.2682,108.6
memory,3,70000,0.055,random,0.55,0.06729767149485012,0.7666666666666667,25.633333333333333,0.3033,125.7
memory,3,70000,0.055,lowest,0.535,0.06891144463573315,0.7616666666666667,23.226666666666667,0.3033,126.2
memory,3,70000,0.055,greedy,0.09833333333333333,0.07903361114627916,0.54,3.0833333333333335,0.3033,126.8
memory,3,80000,0.02,random,0.5883333333333334,0.06358679447075881,0.7866666666666666,26.86,0.3397,143.2
memory,3,80000,0.02,lowest,0.4716666666666667,0.07504778222734283,0.7283333333333334,19.78,0.3397,143.7
memory,3,80000,0.02,greedy,0.115,0.0860220378286646,0.5466666666666666,3.783333333333333,0.3397,144.2
memory,3,90000,0.02,random,0.52,0.06781434160659706,0.7516666666666667,25.176666666666666,0.3524,160.8
memory,3,90000,0.02,lowest,0.5116666666666667,0.07024305110235449,0.7433333333333333,20.163333333333334,0.3524,161.3
memory,3,90000,0.02,greedy,0.1,0.08199921145989511,0.5366666666666666,3.4066666666666667,0.3524,161.8
memory,3,100000,0.02,random,0.5283333333333333,0.07109150718027007,0.755,25.19333333333333,0.3682,178.3
memory,3,100000,0.02,lowest,0.44166666666666665,0.07453815934182732,0.7083333333333334,19.44333333333333,0.3682,178.8
memory,3,100000,0.02,greedy,0.06333333333333334,0.0802295810206832,0.52,2.743333333333333,0.3682,179.2
features,3,0,0.3,random,0.095,0.07491450853969193,0.535,2.4066666666666667,nan,0.5
features,3,0,0.3,lowest,0.20666666666666667,0.07665064288947462,0.5966666666666667,10.196666666666667,nan,1.1
features,3,0,0.3,greedy,-0.56,0.06442679874771433,0.21333333333333335,-29.016666666666666,nan,1.6
features,3,10000,0.265,random,0.6083333333333333,0.06216319431633589,0.7966666666666666,29.36,0.2347,19.2
features,3,10000,0.265,lowest,0.5733333333333334,0.06891273937711231,0.7783333333333333,24.753333333333334,0.2347,19.8
features,3,10000,0.265,greedy,-0.021666666666666667,0.08647555732183024,0.4766666666666667,-1.3666666666666667,0.2347,20.3
features,3,20000,0.23,random,0.5833333333333334,0.06358932013380789,0.7833333333333333,28.663333333333334,0.2599,37.0
features,3,20000,0.23,lowest,0.545,0.06742244630187257,0.7583333333333333,22.676666666666666,0.2599,37.6
features,3,20000,0.23,greedy,0.03333333333333333,0.08486523296750847,0.505,-0.38,0.2599,38.2
features,3,30000,0.195,random,0.6366666666666667,0.06256407504065772,0.8116666666666666,30.316666666666666,0.2704,54.2
features,3,30000,0.195,lowest,0.5483333333333333,0.06849587043079365,0.7616666666666667,22.663333333333334,0.2704,54.7
features,3,30000,0.195,greedy,0.058333333333333334,0.08386581937598947,0.515,1.8966666666666667,0.2704,55.2
features,3,40000,0.16,random,0.6016666666666667,0.0605649580487024,0.7916666666666666,29.483333333333334,0.3015,71.2
features,3,40000,0.16,lowest,0.61,0.06507169461722015,0.7966666666666666,25.403333333333332,0.3015,71.7
features,3,40000,0.16,greedy,0.018333333333333333,0.08371759601524363,0.49666666666666665,-0.7666666666666667,0.3015,72.3
features,3,50000,0.125,random,0.6266666666666667,0.06128111101371642,0.805,30.66,0.3436,89.5
features,3,50000,0.125,lowest,0.57,0.06610339929227017,0.7733333333333333,24.45,0.3436,90.0
features,3,50000,0.125,greedy,0.02,0.08248870116202588,0.5,-0.62,0.3436,90.6
features,3,60000,0.09,random,0.6733333333333333,0.055908985868594385,0.83,33.46,0.3375,106.6
features,3,60000,0.09,lowest,0.6,0.06673851201148576,0.79,25.343333333333334,0.3375,107.1
features,3,60000,0.09,greedy,0.015,0.08191625628334258,0.49833333333333335,0.15333333333333332,0.3375,107.6
features,3,70000,0.055,random,0.66,0.056036509837628284,0.8233333333333334,33.41,0.3612,124.1
features,3,70000,0.055,lowest,0.6383333333333333,0.06345194678142685,0.815,27.58,0.3612,124.7
features,3,70000,0.055,greedy,0.016666666666666666,0.08568136420731524,0.5,-0.8933333333333333,0.3612,125.2
features,3,80000,0.02,random,0.6616666666666666,0.057391675353237,0.8233333333333334,30.913333333333334,0.4032,141.8
features,3,80000,0.02,lowest,0.5666666666666667,0.06992452266771965,0.7716666666666666,22.746666666666666,0.4032,142.4
features,3,80000,0.02,greedy,0.12,0.08256654273937536,0.5483333333333333,4.973333333333334,0.4032,143.0
features,3,90000,0.02,random,0.6466666666666666,0.05855061695189715,0.815,32.25666666666667,0.4028,159.2
features,3,90000,0.02,lowest,0.5883333333333334,0.06798123016794262,0.7783333333333333,24.1,0.4028,159.8
features,3,90000,0.02,greedy,0.19166666666666668,0.08074372568937727,0.5833333333333334,5.943333333333333,0.4028,160.3
features,3,100000,0.02,random,0.6,0.061911505874459545,0.7883333333333333,31.176666666666666,0.4153,177.5
features,3,100000,0.02,lowest,0.6216666666666667,0.062362669159081785,0.805,28.29,0.4153,178.1
features,3,100000,0.02,greedy,-0.055,0.08402227686770589,0.4666666666666667,-2.25,0.4153,178.7
