condition,seed,opponent,games,mean_reward,reward_ci95,win_rate,mean_point_diff
features,0,random,4000,0.65725,0.02259448723420603,0.82125,33.0065
features,0,lowest,4000,0.621,0.02633409784964692,0.80475,28.2925
features,0,greedy,4000,-0.022,0.032222074170232026,0.479,-1.1515
features,1,random,4000,0.65175,0.022772379941369617,0.81975,32.8645
features,1,lowest,4000,0.63575,0.026190965252934843,0.81275,29.596
features,1,greedy,4000,-0.0465,0.03233584007686739,0.46675,-1.8795
features,2,random,4000,0.6575,0.02224287138981494,0.8235,33.363
features,2,lowest,4000,0.643,0.02565737927684113,0.817,31.2385
features,2,greedy,4000,-0.10775,0.03221458647477703,0.4365,-3.817
features,3,random,4000,0.64175,0.022853881409899288,0.81575,32.693
features,3,lowest,4000,0.6405,0.025758623432562654,0.8145,29.706
features,3,greedy,4000,-0.07425,0.032269630832828265,0.45275,-3.281
